{"cameraMode":{"drawMode":0,"name":"Shaded","section":"Shading Mode"},"sceneLighting":true,"audioPlay":false,"sceneViewState":{"m_AlwaysRefresh":false,"showFog":true,"showSkybox":true,"showFlares":true,"showImageEffects":true,"showParticleSystems":true,"showVisualEffectGraphs":true,"m_FxEnabled":true},"in2DMode":false,"pivot":{"x":-0.2425498068332672,"y":1.8605568408966065,"z":29.021778106689454},"rotation":{"x":0.030146783217787744,"y":0.9541468620300293,"z":-0.1022569090127945,"w":0.2797696888446808},"size":0.8660253882408142,"orthographic":false}