{"cameraMode":{"drawMode":0,"name":"Shaded","section":"Shading Mode"},"sceneLighting":true,"audioPlay":false,"sceneViewState":{"m_AlwaysRefresh":false,"showFog":true,"showSkybox":true,"showFlares":true,"showImageEffects":true,"showParticleSystems":true,"showVisualEffectGraphs":true,"m_FxEnabled":true},"in2DMode":false,"pivot":{"x":-2.2065534591674806,"y":2.5530664920806886,"z":-18.714033126831056},"rotation":{"x":0.009228699840605259,"y":0.9546906352043152,"z":-0.025722892954945566,"w":0.2951478660106659},"size":1.4516477584838868,"orthographic":false}