{"cameraMode":{"drawMode":0,"name":"Shaded","section":"Shading Mode"},"sceneLighting":false,"audioPlay":false,"sceneViewState":{"m_AlwaysRefresh":false,"showFog":true,"showSkybox":true,"showFlares":true,"showImageEffects":true,"showParticleSystems":true,"showVisualEffectGraphs":true,"m_FxEnabled":true},"in2DMode":false,"pivot":{"x":-32.578670501708987,"y":-166.15614318847657,"z":-49.96432876586914},"rotation":{"x":0.04031909629702568,"y":-0.7741314172744751,"z":0.6296385526657105,"w":0.04992661625146866},"size":142.37301635742188,"orthographic":false}